App,Recommended App,Category,Similarity
GROW.me,shyftfly,Business,1.0
GROW.me,Red Black Business Theme,Personalization,1.0
GROW.me,Acadia Parish SD,Education,1.0
GROW.me,MÃ¼ller  Aktuelle Prospekt,Shopping,1.0
GROW.me,Fraoula Mikrolimano,Food & Drink,1.0
unlimited 4G data prank free app,Fantasy Wallpaper,Personalization,0.9995918128600183
unlimited 4G data prank free app,Sunil Kumar,Personalization,0.999474761682224
unlimited 4G data prank free app,WPOR 101.9 Portland Maine Radio Free Online,Music & Audio,0.9993520472164503
unlimited 4G data prank free app,Wallpapers For Robert Lewandowski Fans,Personalization,0.9991997436418343
unlimited 4G data prank free app,UNLEASH 2019,Productivity,0.9989979262061888
Parents,Parlamento Nacional de Timor-Leste,Events,1.0
Parents,Easy Mixed Martial Arts Tutorial,Books & Reference,1.0
Parents,Colour Paino Tiles,Music,1.0
Parents,ascula,Communication,1.0
Parents,Rice,Education,1.0
be.MOBILISED,Space wallpapers 4K 2021,Photography,1.0
be.MOBILISED,Premium Card |Ø§Ù„Ø¨Ø·Ø§Ù‚Ø© Ø§Ù„Ù…Ù…ÙŠØ²Ø©,Business,1.0
be.MOBILISED,encompass KYC,Business,1.0
be.MOBILISED,ISKCON Virtual Temples,Entertainment,1.0
be.MOBILISED,Radio New Orleans,Music & Audio,1.0
OTENTIK Discovery FR,ìƒˆë¡ ìŒì•…í•™ì›,Education,0.9999900483536573
OTENTIK Discovery FR,Smooth Chill Radio FM UK Live Free,Music & Audio,0.9999897647691287
OTENTIK Discovery FR,Drink Maker: Real Water Bootle Simulator,Casual,0.9999597535276123
OTENTIK Discovery FR,Gujarat Ads,Business,0.999950739363234
OTENTIK Discovery FR,MandR,Business,0.9999505331847318
All in one shopping app,Creepy Story,Entertainment,1.0
All in one shopping app,Tekman Batur,Travel & Local,1.0
All in one shopping app,Planduler,Productivity,1.0
All in one shopping app,PowerMeter,Tools,1.0
All in one shopping app,Doodle Black Keyboard Background,Personalization,1.0
Contemporary Love Wallpaper HD,ScreenLightK : Helps you sleep.,Tools,0.9999762525798999
Contemporary Love Wallpaper HD,Lusio Racing Car,Sports,0.9999695553395022
Contemporary Love Wallpaper HD,Mathematical Brain Puzzle Box,Educational,0.9999667814228148
Contemporary Love Wallpaper HD,"Liberty Christian Prep, FL",Education,0.9999499023021778
Contemporary Love Wallpaper HD,idiots,Adventure,0.9999446503527991
Barnets Hair,Uniquely Nelson,Business,1.0
Barnets Hair,Diet Plan Recipes,Food & Drink,1.0
Barnets Hair,Leading Trader,Tools,1.0
Barnets Hair,WBAP Radio 820 App AM USA Free,Music & Audio,1.0
Barnets Hair,RÃ¡dio NaÃ§Ã£o Nordestina,Entertainment,1.0
Creepy Story,All in one shopping app,Tools,1.0
Creepy Story,Tekman Batur,Travel & Local,1.0
Creepy Story,Planduler,Productivity,1.0
Creepy Story,PowerMeter,Tools,1.0
Creepy Story,Doodle Black Keyboard Background,Personalization,1.0
Business Class Fitness,Naija Ludo Pro,Board,1.0
Business Class Fitness,Theme for Flash X Plus,Personalization,1.0
Business Class Fitness,TEAMYI,Sports,1.0
Business Class Fitness,InSync Borescope,Tools,1.0
Business Class Fitness,PolyRhythm Metronome,Music & Audio,1.0
MoveNow User,Collapsy Stairs,Arcade,1.0
MoveNow User,Swellby Session Notes,Business,1.0
MoveNow User,General Knowledge in Bengali - GK in  à¦¬à¦¾à¦‚à¦²à¦¾,Education,1.0
MoveNow User,Haidr,Travel & Local,1.0
MoveNow User,Rice Recipes,Food & Drink,1.0
Camelia Estetica & Solarium,AKKA Events,Business,1.0
Camelia Estetica & Solarium,Anant Halwai Treat,Business,1.0
Camelia Estetica & Solarium,The Baron,Food & Drink,1.0
Camelia Estetica & Solarium,Study Guide By InsPub,Education,1.0
Camelia Estetica & Solarium,Duck Diver,Adventure,1.0
shyftfly,GROW.me,Tools,1.0
shyftfly,Red Black Business Theme,Personalization,1.0
shyftfly,Acadia Parish SD,Education,1.0
shyftfly,MÃ¼ller  Aktuelle Prospekt,Shopping,1.0
shyftfly,Fraoula Mikrolimano,Food & Drink,1.0
Racepak D3 Racing,Fox-Jek User,Business,0.9999695272119828
Racepak D3 Racing,Manik Engineers Datalogger,Business,0.9999590098604059
Racepak D3 Racing,Anime Cosplay Girls HD Wallpapers,Art & Design,0.9999336241290607
Racepak D3 Racing,à¦¸à¦¨à¦¾à¦¤à¦¨ à¦§à¦°à§à¦®à§‡à¦° à¦¦à¦°à¦•à¦¾à¦°à¦¿ à¦ªà§à¦°à¦¶à§à¦¨-à¦‰à¦¤à§à¦¤à¦° - Sanatan Jiggasa,Books & Reference,0.9999201738058842
Racepak D3 Racing,Radar Skis Info,Health & Fitness,0.9998891515764652
RACE ACADEMY,Jenifa spells 2,Puzzle,1.0
RACE ACADEMY,Makanaja,Food & Drink,1.0
RACE ACADEMY,Computer Quiz,Educational,1.0
RACE ACADEMY,Travel Tips,Finance,1.0
RACE ACADEMY,Rakib Microfinance Bank,Finance,1.0
Coffin Move,MyPerf Server Free,Tools,1.0
Coffin Move,HEINEKEN Vietnam Brewery Tour,Lifestyle,1.0
Coffin Move,East Village,Food & Drink,1.0
Coffin Move,Draw,Art & Design,1.0
Coffin Move,Secret Notes,Tools,1.0
Jenifa spells 2,RACE ACADEMY,Education,1.0
Jenifa spells 2,Makanaja,Food & Drink,1.0
Jenifa spells 2,Computer Quiz,Educational,1.0
Jenifa spells 2,Travel Tips,Finance,1.0
Jenifa spells 2,Rakib Microfinance Bank,Finance,1.0
å‰æ©‹ ãƒãƒ³ãƒ‰ãƒã‚¤ãƒ«ã‚±ã‚¢ã‚¨ã‚¹ãƒ†ã‚µãƒ­ãƒ³ tekara å…¬å¼ã‚¢ãƒ—ãƒª,temporoespacial,Trivia,1.0
å‰æ©‹ ãƒãƒ³ãƒ‰ãƒã‚¤ãƒ«ã‚±ã‚¢ã‚¨ã‚¹ãƒ†ã‚µãƒ­ãƒ³ tekara å…¬å¼ã‚¢ãƒ—ãƒª,Blubetty,Shopping,1.0
å‰æ©‹ ãƒãƒ³ãƒ‰ãƒã‚¤ãƒ«ã‚±ã‚¢ã‚¨ã‚¹ãƒ†ã‚µãƒ­ãƒ³ tekara å…¬å¼ã‚¢ãƒ—ãƒª,ğŸ¥‡ 99 Jams WJMI Radio App Mississippi US,Music & Audio,1.0
å‰æ©‹ ãƒãƒ³ãƒ‰ãƒã‚¤ãƒ«ã‚±ã‚¢ã‚¨ã‚¹ãƒ†ã‚µãƒ­ãƒ³ tekara å…¬å¼ã‚¢ãƒ—ãƒª,Good Afternoon Gif,Entertainment,1.0
å‰æ©‹ ãƒãƒ³ãƒ‰ãƒã‚¤ãƒ«ã‚±ã‚¢ã‚¨ã‚¹ãƒ†ã‚µãƒ­ãƒ³ tekara å…¬å¼ã‚¢ãƒ—ãƒª,Ä°ÅŸler Gel Al,Books & Reference,1.0
KÃ¶ln Zeitungen,RPM Practice Test,Entertainment,1.0
KÃ¶ln Zeitungen,CardPlus Demo,Business,1.0
KÃ¶ln Zeitungen,Nháº¡c Tháº§n ChÃº Pháº­t GiÃ¡o,Music & Audio,1.0
KÃ¶ln Zeitungen,Christian Wallpapers,Personalization,1.0
KÃ¶ln Zeitungen,Crop It ! - Free Rectangle Edition,Puzzle,1.0
"Daily Mindfulness - Calm, Sleep, Relax, Meditation",Decon2018,Health & Fitness,1.0
"Daily Mindfulness - Calm, Sleep, Relax, Meditation",ì´ì¸ ìŠ¤íƒ - ì¦ê¶Œë©”ì‹ ì €,Finance,1.0
"Daily Mindfulness - Calm, Sleep, Relax, Meditation",Minnesota Mash,Health & Fitness,1.0
"Daily Mindfulness - Calm, Sleep, Relax, Meditation",Quincy Jones Quotes,Books & Reference,1.0
"Daily Mindfulness - Calm, Sleep, Relax, Meditation",My Mobile Sales (Netsis Ent.),Finance,1.0
Space wallpapers 4K 2021,be.MOBILISED,Maps & Navigation,1.0
Space wallpapers 4K 2021,Premium Card |Ø§Ù„Ø¨Ø·Ø§Ù‚Ø© Ø§Ù„Ù…Ù…ÙŠØ²Ø©,Business,1.0
Space wallpapers 4K 2021,encompass KYC,Business,1.0
Space wallpapers 4K 2021,ISKCON Virtual Temples,Entertainment,1.0
Space wallpapers 4K 2021,Radio New Orleans,Music & Audio,1.0
Decon2018,"Daily Mindfulness - Calm, Sleep, Relax, Meditation",Health & Fitness,1.0
Decon2018,ì´ì¸ ìŠ¤íƒ - ì¦ê¶Œë©”ì‹ ì €,Finance,1.0
Decon2018,Minnesota Mash,Health & Fitness,1.0
Decon2018,Quincy Jones Quotes,Books & Reference,1.0
Decon2018,My Mobile Sales (Netsis Ent.),Finance,1.0
Ambuja Bidding,Image To Animation Video Maker Slide Show Maker,Entertainment,0.9999616770273734
Ambuja Bidding,Recife Brazil Metro Map Offline,Maps & Navigation,0.9999233423037435
Ambuja Bidding,Blue Legend Swim School,Health & Fitness,0.999897420627071
Ambuja Bidding,Hi World - Meet New People,Social,0.9998398664082934
Ambuja Bidding,Ayuntamiento de Algarinejo,News & Magazines,0.9996561933303316
RPM Practice Test,KÃ¶ln Zeitungen,News & Magazines,1.0
RPM Practice Test,CardPlus Demo,Business,1.0
RPM Practice Test,Nháº¡c Tháº§n ChÃº Pháº­t GiÃ¡o,Music & Audio,1.0
RPM Practice Test,Christian Wallpapers,Personalization,1.0
RPM Practice Test,Crop It ! - Free Rectangle Edition,Puzzle,1.0
Uniquely Nelson,Barnets Hair,Lifestyle,1.0
Uniquely Nelson,Diet Plan Recipes,Food & Drink,1.0
Uniquely Nelson,Leading Trader,Tools,1.0
Uniquely Nelson,WBAP Radio 820 App AM USA Free,Music & Audio,1.0
Uniquely Nelson,RÃ¡dio NaÃ§Ã£o Nordestina,Entertainment,1.0
SDRA Mobile (Driver),Athletify,Health & Fitness,0.9997777995469661
SDRA Mobile (Driver),Petrol Papi,Lifestyle,0.9996080231763889
SDRA Mobile (Driver),QM Silos,Tools,0.9992925547348358
SDRA Mobile (Driver),Baked Breakfast Recipes - Easy Breakfast Ideas,Food & Drink,0.9991132873031014
SDRA Mobile (Driver),Birthplace of Canada,Travel & Local,0.9985121186617114
Wealthbox,The New Way of the Cross,Books & Reference,1.0
Wealthbox,Disco Lights (flashing!),Entertainment,1.0
Wealthbox,Myco4Vet,Education,1.0
Wealthbox,Paraflex Attendance,Business,1.0
Wealthbox,ìš°ë¬¼ì•ˆì˜ ê°œêµ¬ë¦¬,Casual,1.0
Zebra Print Wallpapers: HD images Free download,English Reading Stories,Education,0.9999194868698877
Zebra Print Wallpapers: HD images Free download,××”× ×“×¡×™× ×‘×—×‘×¨×ª ×”×—×©××œ,Productivity,0.9995762191300765
Zebra Print Wallpapers: HD images Free download,ASCP HT histotechnician Test Prep 2021 Ed,Education,0.9993303085863452
Zebra Print Wallpapers: HD images Free download,Right Angled Triangle Calculator and Solver,Education,0.9991150543314998
Zebra Print Wallpapers: HD images Free download,Frank's Pizza and Italian,Food & Drink,0.9990663165418441
CirugÃ­a Cardiovascular,Educrafter Classes,Education,1.0
CirugÃ­a Cardiovascular,CRM - Ben Line Agencies,Business,1.0
CirugÃ­a Cardiovascular,Dimitri Vegas And Like Mike Best Ringtones,Music & Audio,1.0
CirugÃ­a Cardiovascular,How To Cure Bloating,Health & Fitness,1.0
CirugÃ­a Cardiovascular,Westlife Full Album Song - Mp3,Entertainment,1.0
GC Shopper Show,Road Runner,Tools,0.9998270992692426
GC Shopper Show,BD Trade Navigator,Entertainment,0.9990822101547155
GC Shopper Show,Ø³Ù„Ø·Ø§Øª Ø¹Ø±Ø§Ù‚ÙŠØ© 2020,Food & Drink,0.9988568285558108
GC Shopper Show,Santa Gift Rush,Adventure,0.9986409897723989
GC Shopper Show,Ace Beauty Clinic,Lifestyle,0.9979400893312166
